-- phpMyAdmin SQL Dump
-- version 4.9.1
-- https://www.phpmyadmin.net/
--
-- Host: 127.0.0.1
-- Generation Time: Aug 28, 2020 at 12:23 PM
-- Server version: 10.4.8-MariaDB
-- PHP Version: 7.3.11

SET SQL_MODE = "NO_AUTO_VALUE_ON_ZERO";
SET AUTOCOMMIT = 0;
START TRANSACTION;
SET time_zone = "+00:00";


/*!40101 SET @OLD_CHARACTER_SET_CLIENT=@@CHARACTER_SET_CLIENT */;
/*!40101 SET @OLD_CHARACTER_SET_RESULTS=@@CHARACTER_SET_RESULTS */;
/*!40101 SET @OLD_COLLATION_CONNECTION=@@COLLATION_CONNECTION */;
/*!40101 SET NAMES utf8mb4 */;

--
-- Database: `it_6006`
--

-- --------------------------------------------------------

--
-- Table structure for table `food_menu`
--

CREATE TABLE `food_menu` (
  `fId` int(11) NOT NULL,
  `fName` varchar(50) NOT NULL,
  `ingredient` text NOT NULL,
  `formula` text NOT NULL,
  `img` varchar(255) NOT NULL,
  `UserID` int(3) NOT NULL
) ENGINE=InnoDB DEFAULT CHARSET=utf8mb4;

--
-- Dumping data for table `food_menu`
--

INSERT INTO `food_menu` (`fId`, `fName`, `ingredient`, `formula`, `img`, `UserID`) VALUES
(1, 'แกงส้มชะอมไข่', '• ไข่ไก่ 3 ฟอง\r\n• กุ้งสดขาว 10 ตัว เกาะเปลือก ผ่าหลัง เอาหัวออก\r\n• ยอดชะอม 1 ถ้วย\r\n• น้ำพริกแกงส้ม 3 ช้อนโต๊ะ\r\n• น้ำมะขามเปียก 2 ช้อนโต้ะ\r\n• น้ำตาลปี๊บ 1 ช้อนโต๊ะ\r\n• น้ำปลา 3 ช้อนโต๊ะ\r\n• น้ำมะนาว 1 ช้อนโต๊ะ\r\n• น้ำเปล่า 3 ถ้วย\r\n• หัวไชท้าว หั่นเป็นแผ่น 6-7 แผ่น\r\n• ผักกระเฉด หั่นเป็นท่อน พอดีตำ 1 จาน\r\n• น้ำมันพืช สำหรับทอด', '1.เริ่มจากการทำแกงส้มก่อนโดยต้มน้ำเปล่าให้เดือดใส่พริกแกงส้มลงไปปรุงรสด้วยน้ำมะขามเปียกน้ำปลาน้ำตาลปี๊บ\r\n 2.ใส่ผักต่างๆลงไปเช่นหัวไชท้าวผักกระเฉดลงไปต้มใส่เนื้อกุ้งลงไปต้มให้พอสุกปิดไฟและปรุงรสด้วยน้ำมะนาว\r\n 3.เริ่มทำไข่เจียวชะอมโดยตอกไข่ใส่ชามตีให้เข้ากันแล้วใส่ชะอมลงคนพอเข้ากัน\r\n 4.ตั้งกระทะน้ำมันให้ร้อนไฟปานกลางนำไข่ชะอมลงไปทอดให้สุกทั้งสองด้าน\r\n 5.จากนั้นนำไข่มาหั่นเป็นชั้นขนาดพอดีคำ\r\n 6.เสริฟแกงส้มและวางไข่ชะอมด้านบนเพียงเท่านี้แกงส้มแสนอร่อยก็พร้อมรับประทาน', '020151.jpg', 3),
(2, 'ทอดมันห่อไข่', '• ไข่ไก่ 3 ฟอง\r\n• ไข่แดงของไข่ไก่ 1 ฟอง\r\n• เนื้อปลากรายขูด 200 กรัม\r\n• ถั่วฝักยาว 1 ต้น นำมาซอยบางๆ\r\n• ใบมะกรูด 4 ใบ ซอยเป็นเส้นบางๆ\r\n• น้ำพริกแกงเผ็ด 1 ช้อนโต๊ะ\r\n• น้ำปลา 1 ช้อนโต๊ะ\r\n• น้ำตาลทราย 1 ช้อนโต๊ะ\r\n• น้ำมันพืช สำหรับทอด\r\n• น้ำจิ้มอาจาด และ แตงกวาซอย', '1.เริ่มจากการผสมเนื้อปลาโดยนำเนื้อปลากรายไข่แดงและพริกแกงเผ็ดนำมานวดให้เข้ากัน \r\n2.ปรุงรสด้วยน้ำปลาและน้ำตาลทรายจากนั้นนวดให้เครื่องปรุงเข้ากับเนื้อปลากรายใส่ถั่วฝักยาวซอยและใบมะกรูดซอยลงไปพักในตู้เย็น1ชั่วโมง\r\n3.ตั้งหม้อต้มน้ำต้มไข่ไก่ให้สุกจากนั้นปลอกเปลือกไข่ออก \r\n4.นำเนื้อปลากรายที่เตรียมไว้ปั้นห่อไข่ต้มให้ความหนาพอดีอย่าให้หนาหรือบางเกินไปจากนั้นนำมาพักเอาไว้ก่อน \r\n5.ตั้งกระทะน้ำมันให้ร้อนจากนั้นปรับไฟปานกลางนำทอดมันที่เตรียมไว้ลงไปทอดในน้ำมันความร้อนปานกลาง \r\n6.ทอดให้ทอดมันสุกนำมาพักให้สะเด็ดน้ำมัน ผ่าครึ่งทอดมันจัดใส่จานเสิร์ฟรับประทานคู่กับน้ำจิ้มอาจาดและแตงกวา', 'ispoddd1415958580.jpg', 3),
(3, 'ออส่วน', '• ไข่ไก่ 2 ฟอง\r\n• หอยนางรมสด แกะเปลือก 1 ถ้วย\r\n• ถั่วงอกเด็ดหัว 1 กำมือ\r\n• กระเทียม สับละเอียด 2 ช้อนชา\r\n• ต้นหอม ซอยแฉลบ 2 ช้อนโต้ะ\r\n• ซีอิ๊วขาว 1 ช้อนโต๊ะ\r\n• น้ำตาลทราย 1 ช้อนชา\r\n• พริกไทยป่น 1 ช้อนชา\r\n• แป้งมัน ละลายน้ำอัตราส่วน น้ำ 1 ถ้วย แป้งครึ่งถ้วย\r\n• น้ำมันพืช สำหรับผัด 2 ช้อนชา\r\n• น้ำมันพืช สำหรับทอด\r\n• ใบผักชี สำหรับโรยหน้า\r\n• ซอสพริก สำหรับรับประทานคู่กัน', '1.เริ่มจากใส่หอยนางรมลงเคล้าเบาๆกับแป้งมันละลายน้ำให้ทั่วพักไว้ก่อน \r\n2.ตั้งน้ำมันประมาณ2ช้อนชาโดยตั้งไฟปานกลางให้กระทะร้อนใส่กระเทียมลงเจียวให้หอมตามด้วยถั่วงอกปรุงรสด้วยซีอิ๊วขาวน้ำตาลทรายและพริกไทย(เหลือไว้เล็กน้อยสำหรับโรยหน้า)ผัดเข้าด้วยกัน \r\n3.ใส่ต้นหอม(แบ่งไว้เล็กน้อยสำหรับโรยหน้า)ผัดต่อพอเข้ากันตักใส่จานเสิร์ฟเตรียมไว้พักเอาไว้ก่อน \r\n4.ตั้งกระทะน้ำมันสำหรับทอดโดยระดับไฟปานกลางค่อนข้างแรงใส่ส่วนผสมหอยนางรมลงทอดพอเกือบสุกจากนั้นใส่ไข่ไก่ลงไปใช้ตะหลิวเกลี่ยเบาๆพอให้ไข่แดงแตกแล้วกลับด้านทอดจนสุกทั่วปิดเตา\r\n 5.ตักใส่จานเสิร์ฟถั่วงอกผัดวางหอยทอดผัดด้านบนและน้ำซอสพริกโรยหน้าด้วยต้นหอมใบผักชีและพริกไทยป่น ', 'asxxxz.jpg', 9),
(4, 'ปลานิลลุยสวน', '• ปลานิล 1 ตัว\r\n• พริกขี้หนูสวน 10 เม็ด นำซอย\r\n• น้ำมะนาว 2 ช้อนโต๊ะ\r\n• น้ำตาลปัี๊บ 2 ช้อนโต๊ะ\r\n• น้ำปลา 2 ช้อนโต๊ะ\r\n• ผักชีฝรั่ง 1 ต้นนำซอย\r\n• ขิงอ่อน 3 ช้อนโต้ะ นำมาซอยเป็นเส้น\r\n• ผักชี 1 ต้น ซอย\r\n• ใบสะระแหน่ 4 – 5 ใบ\r\n• ตะไคร้ 1 ต้น นำมาซอยเล็กๆ\r\n• หอมหัวแดง 2 หัว นำมาซอย\r\n• มะนาว 1 ลูก นำมาหั่นเต๋า\r\n• ถั่วลิงสงคั่ว 2 ช้อนโต้ะ\r\n• น้ำมันพืชสำหรับทอดปลา\r\n• น้ำพริกเผา 1 ช้อนชา\r\n• แป้งข้าวโพด 3 ช้อนโต้ะ\r\n• พริกแห้งทอด\r\n• ผักต่างๆที่ทานคู่กับปลาช่อนทอดตามใจชอย เช่น ผัดกาดขาว ผักชีฝรั่ง ต้นหอม ผักชีฝรั่ง', '1.เริ่มจากล้างปลาให้สะอาดขอดเกร็ดจากนั้นนำปลามาแล่เอาเฉพาะเนื้อปลานิล \r\n2.นำเนื้อปลามาชุปแป้งข้าวโพดจากนั้นตั้งกระทะน้ำมันให้ร้อนโดยใช้ไฟปานกลางนำเนื้อปลานิลลงไปทอดให้เหลืองกรอบจากนั้นนำมาพักให้สะเด็ดน้ำมัน \r\n3.เตรียมน้ำยำโดยผสมพริกขี้หนูสวนน้ำมะนาวน้ำพริกเผาน้ำตาลปี๊บน้ำปลาผสมให้ส่วนผสมละลายเข้ากัน \r\n4.ใส่ตะไคร้ซอยเนื้อมะนาวหั่นพริกแห้งทอดขิงอ่อนใบสะระแหน่ผักชีฝรั่งผสมคลุกเคล้ากับน้ำยำ \r\n5.เตรียมจานวางปลานิลทอดลงบนจานราดด้วยน้ำยำและเครื่องเคียงที่ทำไว้ก่อนหน้านี้โรยถั่วลิสงคั่วเพียงเท่านี้ก็เสร็จพร้อมรับประทาน', 'maxresdefault.jpg', 9),
(5, 'แกงเผ็ดไก่ฟักทอง', '• เนื้อไก่ส่วนน่อง 1 จาน หั่นเป็นชิ้นขนาดพอดีคำ\r\n• ฟักทอง 1 จาน หั่นเป็นชิ้นขนาดพอดีคำ\r\n• หัวกะทิ 1 ถ้วยตวง\r\n• หางกะทิ 1 ถ้วยตวง\r\n• พริกแกงเผ็ด 1 ช้อนโต้ะ\r\n• น้ำตาลปี๊บ 1 ช้อนโต้ะ\r\n• น้ำปลา 2 ช้อนโต้ะ\r\n• พริกเม็ดใหญ่ 3-4 เม็ด หั่นเฉียงๆ\r\n• พริกขี้หนูสวน 4-5 เม็ด บุบพอแตก\r\n• ใบมะกรูด 4-5 ใบ\r\n• ใบโหระพา 1 กำมือ', '1.ตั้งกระทะให้ร้อนนำหัวกะทิลงไปผัดกับพริกแกงเผ็ดโดยขั้นต้อนนี้ให้ผัดจนหัวกะทิแตกมันและกลิ่นเปรี้ยวของพริกแกงเผ็ดหมดไปผัดให้ได้กลิ่นหอมของพริกแกง \r\n2.จากนั้นนำฟักทองและเนื้อไก่ลงไปผัดอย่าผัดแรงเกินไปจนทำให้ฟักทองเละค่อนๆผัด \r\n3.เมื่อเนื้อไก่ได้ที่ให้เติมหางกะทิลงไปปรุงรสด้วยน้ำปลาและน้ำตาลปี๊บ \r\n4.ใส่พริกเม็ดใหญ่พริกขี้หนูสวนและใบมะกรูดลงไปเคี่ยวไปเรื่อยๆจนเนื้อฟักทองสุกก็ปิดไฟและใส่ใบโหระพาลงไป 5.เสริฟแกงเผ็ดไก่ฟักทองใส่ชามพร้อมรับประทานได้', '15.jpg', 3),
(6, 'ผัดหมี่โคราช', '• เส้นจันทร์ 1 ถ้วย\r\n• ไข่ไก่ 1 ฟอง\r\n• กระเทียม 3 กลีบ นำมาบดละเอียด\r\n• หอมแดง 2 หัว นำมาบดละเอียด\r\n• หัวไชโป้ 1 ช้อนชา\r\n• เต้าหู้แผ่น 2 ช้อนโต้ะ หั่นเต๋าเล็กๆ\r\n• เนื้อหมูสับ 2 ช้อนโต้ะ\r\n• เต้าเจี้ยวบด 1 ช้อนโต้ะ\r\n• น้ำปลา 2 ช้อนโต้ะ\r\n• น้ำตาลปี๊บ 2 ช้อนโต้ะ\r\n• น้ำมะขามเปียก 1 ช้อนโต้ะ\r\n• ซอสซีอิ้วดำ 1 ช้อนชา\r\n• พริกไทยป่น 1 ช้อนชา\r\n• น้ำเปล่า 3 ช้อนโต้ะ\r\n• น้ำมันพืช 2 ช้อนโต้ะ\r\n• ถั่วงอก 1 กำมือ\r\n• ต้นหอม 1 ต้นนำมาหั่นเป็นท่อนๆ', '1.เริ่มจากการตั้งกระทะใส่น้ำมันให้ร้อนจากนั้นใส่หัวไชโป้เต้าหู้แผ่นกระเทียมหอมแดงและเนื้อหมูสับลงไปผัดให้หอมและกระเทียมส่งกลิ่นหอม \r\n2.ใส่ไข่ไก่ลงไปคั่วในกระทะหากน้ำมันแห้งเกินไปให้ใส่น้ำมันเพิ่มได้ \r\n3.จากนั้นปรุงรสด้วยน้ำปลาน้ำตาลปี๊บซีอิ้วดำน้ำมะขามเปียกเต้าเจี้ยวบดและน้ำเปล่าลงไปผัดให้ส่วนผสมเข้ากัน \r\n4.ใส่เส้นลงไปผัดผัดให้เส้นนุ่มพอเส้นนุ่มได้ที่ให้ใส่ใส่ถั่วงอกและใบต้นหอมลงไปผัด \r\n5.ปิดไฟเสริฟใส่จานโรยหน้าด้วยพริกไทยถั่งลิสงคั่วบดกากหมูและพริกป่น', 'n20170619101556_350.jpg', 3),
(7, 'ข้าวอบกุนเชียง', '• กุนเชียง หั่นเป็นชิ้น 1 ถ้วย\r\n• เนื้อหมูหั่น 1 ถ้วย\r\n• กุ้งสด 1 ถ้วย\r\n• ข้าวหุงสุก 2 ถ้วย\r\n• กระเทียม บด 1 ช้อนโต้ะ\r\n• ขิงสด หั่นเป็นแว่น 2-3 ชิ้น\r\n• น้ำมันพืช สำหรับผัด 2 ช้อนโต้ะ\r\n• เห็ดหอม หั่นเป็นชิ้นพอคำ 3 ช้อนโต้ะ\r\n• ซอสหอยนางรม 2 ช้อนโต้ะ\r\n• ซอสถั่วเหลือง 2 ช้อนโต้ะ\r\n• ต้นหอม ซอย 1 ช้อนโต้ะ', '1.ตั้งกระทะน้ำมันผัดกระเทียมขิงกุนเชียงหมูและกุ้งให้สุกจากนั้นนำข้าวสารลงไปผัดปรุงรสด้วยซอสน้ำมันหอย \r\n2.ซอสถั่วเหลืองจากนั้นนำข้าวที่ผัดไปใส่หม้ออบพร้อมด้วยเห็ดหอม \r\n3.อบจนข้าวสุกก็เสริฟพร้อมด้วยโรยต้นหอมซอยทานคู่กับพริกน้ำปลากับข้าวเมนูกุนเชียงสูตรอาหารแบบร้านอาหารไทย', 'unnamed.jpg', 9),
(8, 'ส่วนผสมสำหรับทำต้มยำกุ้งน้ำค้น', '\r\n\r\n• กุ้งกุลาดำตัวใหญ่ 4 – 5 ตัว(เลือกกุ้งตัวใหญ่ขนาดผ่ามือ)\r\n• เห็ดโคน ผ่าครึ่ง 5 หัว\r\n• น้ำพริกเผา 1 ช้อนโต้ะ\r\n• น้ำปลา 1 ช้อนโต้ะ\r\n• น้ำมะขามเปียก 1 ช้อนโต้ะ\r\n• น้ำมะนาว 1 ช้อนโต้ะ\r\n• พริกขี้หนูสวนบด 1 ช้อนโต้ะ\r\n• นมค้นจืด 1 ช้อนโต้ะ\r\n• ใบมะกรูดฉีก 3 ใบ\r\n• น้ำซุปกระดูกหมู 2 ถ้วย\r\n• ข่าแก่ หั่นเป็นชิ้น 3 ชิ้น\r\n• ตะไคร้ หั่นเป็นท่อน 3 ชิ้น\r\n• หอมแดง ผ่าครึ่ง 2 ลูก\r\n• ผักชีฝรั่ง ซอยหยาบ 2 ช้อนโต้ะ', '1.เริ่มต้นทำโดยการต้มน้ำซุปกระดูกหมูให้ร้อนจากนั้นหรี่ไฟลงใส่ข่าตะไคร้และใบมะกรูดสำหรับใบมะกรูดให้ฉีกใบและเอาแกนใบออกต้มด้วยไฟอ่อนๆเพื่อให้สมุนไพรส่งกลิ่นหอมออกมาอย่างเต็มที่\r\n2.ต่อมาปรุงรสด้วยพริกขี้หนูสวนน้ำปลาน้ำมะขามเปียกและน้ำพริกเผาชิมรสให้ได้รสชาติโดยรสชาติจะขาดเปรี้ยวอีกหน่อยเพราะจะต้องใส่น้ำมะนาวอีก \r\n3.ใส่เห็ดและหอมแดงลงไปต้มต่อ \r\n4.ใส่กุ้งลงไปต้มเมื่อกุ้งเริ่มสุกให้ปิดไฟใส่นมค้นจืดน้ำมะนาวและผักชีฝรั่งลงไปผสมในน้ำแกงเท่านี้ก็สามารถเสริฟใส่ชามพร้อมรับประทานได้\r\n', '394752_275297232529077_274583529267114_763613_1895126766_n1.jpg', 3),
(11, 'ไข่ดาว', '•น้ำมันพืช     2 ช้อนโต๊ะ\r\n•ไข่ไก่    2 ฟอง\r\n•กระเทียมสับหยาบ   10 กรัม\r\n•หอมใหญ่สับหยาบ    15 กรัม\r\n•หมูสับ    250 กรัม\r\n•แครอทหั่นเต๋า   15 กรัม\r\n•ข้าวโพดอ่อน   20 กรัม\r\n•ถั่วลันเตา   20 กรัม\r\n•พริกหยวกสามสีหั่นเต๋า   25 กรัม\r\n•มะเขือเทศหั่นเต๋า   15 กรัม\r\n•ซอสมะเขือเทศ	   1/4 ถ้วย\r\n•ซอสแม็กกี้   1.5 ช้อนโต๊ะ\r\n•ต้นหอมซอย (ตกแต่ง)', '1.ตั้งกระทะใส่น้ำมันทอดไข่ไก่ให้กรอบฟูพักใว้ \r\n2.ตั้งกระทะใบใหม่ใสน้ำมันผัดกระเทียมหอมใหญ่พอสุก \r\n3.ใส่หมูสับผัดพอสุกใส่แครอทข้าวโพดอ่อนถั่วลันเตาพริกหยวกสามสีและมะเขือเทศ \r\n4.แต่งสีด้วยซอสมะเขือเทศปรุงรสด้วยซอสแม็กกี้ \r\n5.ตักเสิร์ฟคู่กับไข่ดาวกรอบโรยตกแต่งด้วยต้นหอมซอย', 'fried-eggs-with-pork-sauce.jpg', 12);

-- --------------------------------------------------------

--
-- Table structure for table `member`
--

CREATE TABLE `member` (
  `UserID` int(3) NOT NULL,
  `Username` varchar(100) NOT NULL,
  `Password` varchar(100) NOT NULL,
  `Name` varchar(100) NOT NULL,
  `Status` enum('ADMIN','USER','Member') NOT NULL
) ENGINE=InnoDB DEFAULT CHARSET=utf8;

--
-- Dumping data for table `member`
--

INSERT INTO `member` (`UserID`, `Username`, `Password`, `Name`, `Status`) VALUES
(2, 'phudit', 'phudit123', 'Phudit Boonwijit', 'ADMIN'),
(3, 'DOMO', 'B', 'Domo', 'USER'),
(9, 'A', 'A', 'Attaphon Jareonram', 'USER'),
(10, 'panu', '12', 'ภาณุพงษ์', 'USER'),
(11, 'humnoi', '1234', 'zee', 'USER'),
(12, 'nnnu', '1', 'nnnu', 'USER');

-- --------------------------------------------------------

--
-- Table structure for table `tb_comment`
--

CREATE TABLE `tb_comment` (
  `cm_id` int(11) NOT NULL,
  `cm_name` varchar(20) NOT NULL,
  `cm_comment` varchar(500) DEFAULT NULL,
  `cm_date` datetime DEFAULT current_timestamp(),
  `fId` int(11) DEFAULT NULL
) ENGINE=InnoDB DEFAULT CHARSET=utf8mb4;

--
-- Dumping data for table `tb_comment`
--

INSERT INTO `tb_comment` (`cm_id`, `cm_name`, `cm_comment`, `cm_date`, `fId`) VALUES
(1, 'Attaphon Jareonram', 'อร่อย ครับ ลองทำดูแล้ว', '2020-02-19 09:52:23', 1),
(2, 'Attaphon Jareonram', 'WoW', '2020-02-19 09:53:08', 3),
(3, 'Domo', 'อร่อยครับ', '2020-02-19 10:08:40', 2),
(8, 'nnnu', 'อร่อยมากก', '2020-03-04 13:46:10', 11);

--
-- Indexes for dumped tables
--

--
-- Indexes for table `food_menu`
--
ALTER TABLE `food_menu`
  ADD PRIMARY KEY (`fId`),
  ADD KEY `UserID` (`UserID`);

--
-- Indexes for table `member`
--
ALTER TABLE `member`
  ADD PRIMARY KEY (`UserID`);

--
-- Indexes for table `tb_comment`
--
ALTER TABLE `tb_comment`
  ADD PRIMARY KEY (`cm_id`),
  ADD KEY `fId` (`fId`);

--
-- AUTO_INCREMENT for dumped tables
--

--
-- AUTO_INCREMENT for table `food_menu`
--
ALTER TABLE `food_menu`
  MODIFY `fId` int(11) NOT NULL AUTO_INCREMENT, AUTO_INCREMENT=15;

--
-- AUTO_INCREMENT for table `member`
--
ALTER TABLE `member`
  MODIFY `UserID` int(3) NOT NULL AUTO_INCREMENT, AUTO_INCREMENT=13;

--
-- AUTO_INCREMENT for table `tb_comment`
--
ALTER TABLE `tb_comment`
  MODIFY `cm_id` int(11) NOT NULL AUTO_INCREMENT, AUTO_INCREMENT=9;

--
-- Constraints for dumped tables
--

--
-- Constraints for table `food_menu`
--
ALTER TABLE `food_menu`
  ADD CONSTRAINT `food_menu_ibfk_1` FOREIGN KEY (`UserID`) REFERENCES `member` (`UserID`);

--
-- Constraints for table `tb_comment`
--
ALTER TABLE `tb_comment`
  ADD CONSTRAINT `tb_comment_ibfk_1` FOREIGN KEY (`fId`) REFERENCES `food_menu` (`fId`);
COMMIT;

/*!40101 SET CHARACTER_SET_CLIENT=@OLD_CHARACTER_SET_CLIENT */;
/*!40101 SET CHARACTER_SET_RESULTS=@OLD_CHARACTER_SET_RESULTS */;
/*!40101 SET COLLATION_CONNECTION=@OLD_COLLATION_CONNECTION */;
